Business Name,Category,City,Phone,Website,Need Detected,Confidence,Angle
"EVA Esthetic & Implant Dental Centre-Nagawara,Bangalore,India | Implantologist/Full mouth implant specialist |","","Bengaluru, Karnataka","+91 95389 84780","http://www.evaestheticandimplantdental.com/","AI Appointment Automation","0.6000000000000001","Looks like you handle a high volume of inquiries. Automating intake and follow-ups could reduce manual front-desk workload."
"Dr. Shetty's Dental","","Bengaluru, Karnataka","+91 80 4155 8558","http://www.shettysdental.com/","","",""
"AR DENTAL CARE AND IMPLANT CENTER","","Bengaluru, Karnataka","+91 81235 69159","https://drashar.drxpro.in/","","",""
"Apollo Dental Kalyan Nagar | Best Dental Clinic in Kalyan Nagar | Root Canal | Dental Implants| Invisalign","","Bengaluru, Karnataka","+91 90710 55533","https://apollodentalkalyannagar.com/","","",""
"The Dental Axis","","Bengaluru, Karnataka","+91 63626 61757","https://click4appointment.com/clinic-details/thedentalaxis-3418","","",""
"Gradient dental care","","Bengaluru, Karnataka","+91 89714 47228","","AI Appointment Automation","0.6000000000000001","Looks like you handle a high volume of inquiries. Automating intake and follow-ups could reduce manual front-desk workload."
"Smile design dental care-Dental Clinic in Horamavu Bangalore | Best Dentist in Horamavu","","Bengaluru, Karnataka","+91 80887 10098","http://www.smiledesigndental.in/","","",""
"Family Dental Care & Implant Center","","Bengaluru, Karnataka","+91 98453 55113","https://myfamilydentalcare.in/","","",""
"VK Dental Clinic","","Bengaluru, Karnataka","+91 72596 39909","","AI Appointment Automation","0.6000000000000001","Looks like you handle a high volume of inquiries. Automating intake and follow-ups could reduce manual front-desk workload."
"Dental Architect ..Multispeciality Dental clinic( where treatment meets perfection)","","Bengaluru, Karnataka","+91 90355 05006","","AI Appointment Automation","0.6000000000000001","Looks like you handle a high volume of inquiries. Automating intake and follow-ups could reduce manual front-desk workload."
"Bangalore Smiles Dental Care","","Bengaluru, Karnataka","+91 97312 12098","","AI Appointment Automation","0.6000000000000001","Looks like you handle a high volume of inquiries. Automating intake and follow-ups could reduce manual front-desk workload."
"BHAGAT DENTAL CLINIC","","Bengaluru, Karnataka","+91 90366 17321","","AI Appointment Automation","0.6000000000000001","Looks like you handle a high volume of inquiries. Automating intake and follow-ups could reduce manual front-desk workload."
"Sure Smile Dental Care","","Bengaluru, Karnataka","+91 97409 09934","https://suresmiledental.in/","","",""
"The Dental Lounge","","Bengaluru, Karnataka","+91 92070 69900","http://www.thedentalloungeindia.com/","","",""
"Ebenezer Dental Care","","Bengaluru, Karnataka","+91 63645 56225","https://drkenneth.drxpro.in/","","",""
"Apollo Dental Clinic, Horamavu - Best Dental Clinic in Bangalore - Invisalign, RCT, Implants, Crowns","","Bengaluru, Karnataka","+91 97015 30983","https://apollodental.in/bengaluru/horamavu/our-clinics/apollo-dental-clinic-in-horamavu","","",""
"CARING FOR SMILES","","Bengaluru, Karnataka","+91 82966 45544","","AI Appointment Automation","0.6000000000000001","Looks like you handle a high volume of inquiries. Automating intake and follow-ups could reduce manual front-desk workload."